Christian Johansen <christian@cjohansen.no>
Morgan Roderick <morgan@roderick.dk>
Carl-Erik Kopseng <carlerik@gmail.com>
Maximilian Antoni <mail@maxantoni.de>
Phred <fearphage@gmail.com>
Jonny Reeves <github@jonnyreeves.co.uk>
lucasfcosta <fernandesdacostalucas@gmail.com>
ben hockey <neonstalwart@gmail.com>
Tim Fischbach <mail@timfischbach.de>
takasmiley <takasmiley@live.jp>
Håvard Wormdal Høiby <havardwhoiby@gmail.com>
Tim Ruffles <timruffles@googlemail.com>
Jonathan Sokolowski <jonathan.sokolowski@gmail.com>
Andreas Lind <andreas@one.com>
Domenic Denicola <domenic@domenicdenicola.com>
William Sears <MrBigDog2U@gmail.com>
Tim Perry <pimterry@gmail.com>
Mikhail Gusarov <mikhail@hola.org>
Felix Geisendörfer <felix@debuggable.com>
kpdecker <kpdecker@gmail.com>
Bryan Donovan <bdondo@gmail.com>
Keith Cirkel <github@keithcirkel.co.uk>
Tobias Ebnöther <ebi@gorn.ch>
Tristan Koch <tristan.koch@1und1.de>
Aleck Greenham <greenhama13@gmail.com>
Luis Cardoso <luis.cardoso@feedzai.com>
Doug Orleans <dougorleans@gmail.com>
Cory <seeflanigan@gmail.com>
Adam Hull <adam@hmlad.com>
Martin Sander <forke@uni-bonn.de>
Andrew Gurinovich <altmind@gmail.com>
Marten Lienen <marten.lienen@gmail.com>
Benjamin Coe <ben@yesware.com>
Garrick Cheung <garrick@garrickcheung.com>
Eyal Arubas <eyalarubas@gmail.com>
Travis Kaufman <travis.kaufman@gmail.com>
ben fleis <ben.fleis@gmail.com>
Konrad Holowinski <konrad.holowinski@gmail.com>
GCHQDeveloper500 <32099399+GCHQDeveloper500@users.noreply.github.com>
Gavin Huang <gravof@gmail.com>
Krzysztof Kaczor <chris@kaczor.io>
zcicala <zcicala@fitbit.com>
Viktor Zozulyak <zozulyakviktor@gmail.com>
Robin Pedersen <robinp@snap.tv>
Rae Liu <happyaray@gmail.com>
Dmitriy Kubyshkin <grassator@gmail.com>
Dominykas Blyžė <hello@dominykas.com>
Garrick <gcheung@fitbit.com>
Tamas Szebeni <tamas_szebeni@epam.com>
Kir Chou <note351@hotmail.com>
Thomas Meyer <meyertee@gmail.com>
George Schneeloch <gschneel@mit.edu>
August Lilleaas <august.lilleaas@gmail.com>
Scott Andrews <scothis@gmail.com>
geries <geries.handal@videoplaza.com>
Islam Sharabash <islam.sharabash@gmail.com>
Cormac Flynn <cormac.flynn@viadeoteam.com>
Tim Costa <tcosta@2u.com>
Ming Liu <vmliu1@gmail.com>
Roman Potashow <justgook@gmail.com>
Jmeas <jellyes2@gmail.com>
Soutaro Matsumoto <matsumoto@soutaro.com>
Duncan Beevers <duncan@dweebd.com>
Glen Mailer <glen.mailer@bskyb.com>
Florent Jaby <florent.jaby@gmail.com>
なつき <i@ntk.me>
Irina Dumitrascu <me@dira.ro>
Márton Salomváry <salomvary@gmail.com>
Nathan Perry <nateperry333@gmail.com>
James Barwell <jb@jamesbarwell.co.uk>
Devin Weaver <suki@tritarget.org>
Aaron <aaron.todd@gmail.com>
Jason Karns <jason.karns@gmail.com>
Jeffrey Falgout <jeffrey.falgout@gmail.com>
Jimmy Shimizu <jimmy.shimizu@springworks.se>
Elad Nachmias <theman@elad.im>
Alex Urbano <asgaroth.belem@gmail.com>
Jonathan Freeman <freethejazz@gmail.com>
Brandon Heyer <brandonheyer@gmail.com>
Evan Lloyd <evan.u.lloyd@gmail.com>
Satoshi Nakamura <snakamura@infoteria.com>
Sebastian Van Sande <sebastian@vansande.org>
Farid Neshat <FaridN_SOAD@yahoo.com>
Josh Graham <josh@canva.com>
Josh Greenberger <jdgreenb@usc.edu>
Simen Bekkhus <sbekkhus91@gmail.com>
Spencer Elliott <me@elliottsj.com>
Andrzej Porebski <fkuciapa@yahoo.com>
G.Serebryanskyi <x5x3x5x@gmail.com>
Alexander Schmidt <alexanderschmidt1@gmail.com>
Szymon Przybylski <szymon.przybylski@gmail.com>
Tarjei Huse <tarjei.huse@gmail.com>
Chris Breiding <chrisbreiding@gmail.com>
Victor Costan <costan@gmail.com>
Afnizar Nur Ghifari <afnizarnur@users.noreply.github.com>
blacksun1 <simon@blacksun.cx>
Gyandeep Singh <gyandeeps@gmail.com>
Marcus Hüsgen <marcus.huesgen@lusini.com>
gtothesquare <me@gerieshandal.com>
Henry Tung <henryptung@gmail.com>
Hugo Muller <hugo.muller@free.fr>
Mark Stacey <mark.stacey@amecfw.com>
mohayonao <mohayonao@gmail.com>
Martin Hansen <martin@martinhansen.no>
Daniel Rey Lopez <daniel.rey.lopez@automattic.com>
Matt Kern <matt@bloomcrush.com>
vitalets <vitalets@yandex-team.ru>
Max Calabrese <max.calabrese@ymail.com>
Alex Puchades <alex94puchades@gmail.com>
yoshimura-toshihide <toshihide0105yoshimura@gmail.com>
Michael Herman <hermanmu@gmail.com>
ReadmeCritic <frankensteinbot@gmail.com>
Rens Groothuijsen <l.groothuijsen@alumni.maastrichtuniversity.nl>
Rodion Vynnychenko <roddiku@gmail.com>
Roland Warmerdam <roland@segment.com>
Ryan Roemer <ryan@loose-bits.com>
Ryan Wholey <rjwholey@gmail.com>
STuFF <nchalleil@gmail.com>
Sergio Cinos <scinos@atlassian.com>
Shaine Hatch <shainehatch@overstock.com>
Shawn Krisman <skrisman@nodelings>
Shinnosuke Watanabe <snnskwtnb@gmail.com>
Simone Fonda <fonda@netseven.it>
Stefan Weil <sw@weilnetz.de>
Stefan du Fresne <stefan@sdufresne.info>
StefanSchoof <Stefan.Schoof@direkt-gruppe.de>
Stephen Burrows <stephen.r.burrows@gmail.com>
Steven Lu <stevenlu443@gmail.com>
Sven Fuchs <svenfuchs@artweb-design.de>
Søren Enemærke <soren.enemaerke@gmail.com>
T1st3 <contact@tiste.org>
TEHEK Firefox <tehek@tehek.net>
Tek Nynja <github@teknynja.com>
The Gitter Badger <badger@gitter.im>
Tieme van Veen <tiemevanveen@hotmail.com>
Tim Branyen <tim@tabdeveloper.com>
Tim Wienk <tim@wienk.name>
Timo Tijhof <krinklemail@gmail.com>
Valentin Agachi <github-com@agachi.name>
Volkan Ozcelik <volkan.ozcelik@jivesoftware.com>
Vynce Montgomery <vynce.montgomery@gmail.com>
AJ Ortega <ajo@google.com>
William Meleyal <w.meleyal@wollzelle.com>
Xiao Ma <x@medium.com>
charlierudolph <charles.w.rudolph@gmail.com>
clint <clint@wealthfront.com>
goligo <ich@malte.de>
hannes <github@htmlcss.de>
hashchange <heim@zeilenwechsel.de>
ichthala <alice.mottola@gmail.com>
jamestalmage <james.talmage@jrtechnical.com>
kbackowski <kbackowski@gmail.com>
mareq <mareq@balint.eu>
ngryman <ngryman@gmail.com>
niftylettuce <niftylettuce@gmail.com>
simonzack <simonzack@gmail.com>
stevesouth <stephen.south@caplin.com>
thefourtheye <thefourtheye@users.noreply.github.com>
till <till@php.net>
vsa <vsa@users.noreply.github.com>
wwalser <waw325@gmail.com>
Will Butler <will@butlerhq.com>
AdilKhn <AdilKhn@users.noreply.github.com>
Aditya Vohra <avohra@yelp.com>
Adrian Phinney <adrian.phinney@bellaliant.net>
Akira Matsuda <ronnie@dio.jp>
Alex Ghiculescu <alex@tanda.co>
Alex Kessaris <alex@artsy.ca>
Alex Tran <alex@Alexs-MacBook-Pro-2.local>
Alexander Aivars <alex@aivars.se>
Alexey Kucherenko <alexei.kucherenko@gmail.com>
Alfonso Boza <alfonso@cloud.com>
Ali Shakiba <ali@shakiba.me>
Andrew Fong <afong@slack-corp.com>
Andrew Leschinsky <andrew@leschinsky.com>
Andrew Shirley <andrew@als-bi.com>
Antonio D'Ettole <antonio@brandwatch.com>
Auclair Emmanuel <auclair.emmanuel.prestataire@sfr.com>
Aziz Punjani <aziz.punjani@gmail.com>
Ben Brostoff <ben.brostoff@gmail.com>
Blaine Bublitz <blaine@iceddev.com>
Blake Embrey <hello@blakeembrey.com>
Blake Israel <blake.israel@gatech.edu>
Boshen Chen <boshenc@gmail.com>
Brian M Hunt <brianmhunt@gmail.com>
Burak Yiğit Kaya <ben@byk.im>
C. T. Lin <chentsulin@gmail.com>
Dan Bird <danielsbird@gmail.com>
Dan Peddle <dazld@users.noreply.github.com>
Daryl Lau <daryl@goodeggs.com>
David Colucci <davidanthonycolucci@gmail.com>
David Mott <dpmott@sep.com>
Dean Sofer <ProLoser@users.noreply.github.com>
Duc Tri Le <duc1@email.tiger-inc.com>
Eli White <github@eli-white.com>
Eric Stobbart <Eric_Stobbart@comcast.com>
Eric Wendelin <ewendelin@twitter.com>
Ericat <erica.salvaneschi@gmail.com>
Felipe Carasso <felipe@carassonet.org>
GProst <gprostmail@gmail.com>
Gabe Jackson <gj@mail.co.de>
Gavin Boulton <gavin.boulton@digital.cabinet-office.gov.uk>
Gilad Peleg <giladp007@gmail.com>
Giorgos Giannoutsos <contact@nuc.gr>
Gord Tanner <gord@tinyhippos.com>
Gordon L. Hempton <ghempton@gmail.com>
Gvozd <gvozdev.viktor@gmail.com>
Harry Wolff <hswolff@gmail.com>
HugoMuller <hmu@debian-hmu-dev>
Ian Lewis <IanMLewis@gmail.com>
Ian Thomas <ian@ian-thomas.net>
Irving <Irvingb232@gmail.com>
Jack Brown <jack.brown@mi9.com.au>
Jake Champion <me@jakechampion.name>
James Beavers <jamesjbeavers@gmail.com>
James M. Greene <james.m.greene@gmail.com>
Jan Kopriva <jan.kopriva@gooddata.com>
Jan Suchý <jan.sandokan@gmail.com>
Jani Hartikainen <jani.hartikainen@gmail.com>
Jason Anderson <diurnalist@gmail.com>
Joakim Wimmerstedt <joakim.wimmerstedt@gmail.com>
Jochen Preusche <iilei@users.noreply.github.com>
Johann Hubert Sonntagbauer <johann.sonntagbauer@gmx.at>
John Bernardo <jbernardo@linkedin.com>
Jonathan Roitgrund <jroitgrund@gmail.com>
Jordan Harband <ljharb@gmail.com>
Jordan Hawker <hawker.jordan@gmail.com>
Joseph Spens <joseph@workmarket.com>
Josh Goldberg <josh@fullscreenmario.com>
JoshuaCWebDeveloper <coosriverjoshua1@outlook.com>
Kalisa Falzone <KalisaFalzone@users.noreply.github.com>
Keith Rogers <git@keithrogers.eu>
Kelly Selden <kellyselden@gmail.com>
Kenneth Williams <scriptdaemon@gmail.com>
Kevin Ennis <kennis84@gmail.com>
Kevin Turner <kevin@decipherinc.com>
Kim Joar Bekkelund <kjbekkelund@gmail.com>
Kris Kowal <kris.kowal@cixar.com>
Kuba Orlik <kontakt@jakub-orlik.pl>
Kurt Ruppel <me@kurtruppel.com>
Lars Thorup <lars@zealake.com>
LboAnn <extend1994@gmail.com>
LostArchives <valentin.mullet@gmail.com>
Lucas Vieira <vieiralucas@users.noreply.github.com>
Luchs <Luchs@euirc.eu>
Maarten Tromp <maarten@nouncy.com>
Marco Ramirez <marco-ramirez@bankofamerica.com>
Marcos Vanetta <marcos_vanetta@condenast.com>
Mario Pareja <mpareja@360incentives.com>
Mark Banner <standard8@mozilla.com>
Mark Gibson <mgibson@adaptavist.com>
Martin Brochhaus <mbrochh@gmail.com>
Martin Körner <martin.koerner@objectfab.de>
Max Klymyshyn <klymyshyn@gmail.com>
Michael Jackson <mjijackson@gmail.com>
Michał Perłakowski <michal@perlakowski.pl>
Mikolaj Banasik <d1sover@gmail.com>
MouseZero <rm@mousezero.com>
Mustafa Sak <mustafa.sak@1und1.de>
Nelson Silva <nelson.silva@inevo.pt>
Nicholas Stephan <nicholas.stephan@gmail.com>
Nicu Micleușanu <micnic90@gmail.com>
Nikita Litvin <deltaidea@derpy.ru>
Niklas Andreasson <eaglus_@hotmail.com>
Niv Sherf <nivsherf@gmail.com>
Noam Paz <noam.paz@gmail.com>
Olmo Maldonado <olmo.maldonado@gmail.com>
Paul Barry <paul@Pauls-Air.fios-router.home>
Petar Dochev <dotchev@gmail.com>
Pia Mancini <piamancini@gmail.com>
Piotr Jamróz <pm.jamroz@gmail.com>
Piper Chester <piperchester@users.noreply.github.com>
Prayag Verma <prayag.verma@gmail.com>
Rajeesh C V <cvrajeesh@gmail.com>
Raul Matei <raul.matei@8x8.com>
Raynos <raynos2@gmail.com>
